{
  "Total" : {
    "transaction" : "Total",
    "sampleCount" : 200,
    "errorCount" : 0,
    "errorPct" : 0.0,
    "meanResTime" : 59.13000000000004,
    "medianResTime" : 61.0,
    "minResTime" : 31.0,
    "maxResTime" : 77.0,
    "pct1ResTime" : 69.0,
    "pct2ResTime" : 72.0,
    "pct3ResTime" : 75.99000000000001,
    "throughput" : 1025.6410256410256,
    "receivedKBytesPerSec" : 96.15384615384615,
    "sentKBytesPerSec" : 128.2051282051282
  },
  "gateway_0/hellotea" : {
    "transaction" : "gateway_0/hellotea",
    "sampleCount" : 200,
    "errorCount" : 0,
    "errorPct" : 0.0,
    "meanResTime" : 59.13000000000004,
    "medianResTime" : 61.0,
    "minResTime" : 31.0,
    "maxResTime" : 77.0,
    "pct1ResTime" : 69.0,
    "pct2ResTime" : 72.0,
    "pct3ResTime" : 75.99000000000001,
    "throughput" : 1025.6410256410256,
    "receivedKBytesPerSec" : 96.15384615384615,
    "sentKBytesPerSec" : 128.2051282051282
  }
}