{
  "Total" : {
    "transaction" : "Total",
    "sampleCount" : 700,
    "errorCount" : 140,
    "errorPct" : 20.0,
    "meanResTime" : 426.0871428571425,
    "medianResTime" : 588.0,
    "minResTime" : 31.0,
    "maxResTime" : 756.0,
    "pct1ResTime" : 691.0,
    "pct2ResTime" : 708.9499999999999,
    "pct3ResTime" : 741.98,
    "throughput" : 611.353711790393,
    "receivedKBytesPerSec" : 505.20264737991266,
    "sentKBytesPerSec" : 86.92685589519651
  },
  "gateway_cl/hellotea/tea" : {
    "transaction" : "gateway_cl/hellotea/tea",
    "sampleCount" : 700,
    "errorCount" : 140,
    "errorPct" : 20.0,
    "meanResTime" : 426.0871428571425,
    "medianResTime" : 588.0,
    "minResTime" : 31.0,
    "maxResTime" : 756.0,
    "pct1ResTime" : 691.0,
    "pct2ResTime" : 708.9499999999999,
    "pct3ResTime" : 741.98,
    "throughput" : 611.353711790393,
    "receivedKBytesPerSec" : 505.20264737991266,
    "sentKBytesPerSec" : 86.92685589519651
  }
}