{
  "Total" : {
    "transaction" : "Total",
    "sampleCount" : 550,
    "errorCount" : 0,
    "errorPct" : 0.0,
    "meanResTime" : 204.03818181818164,
    "medianResTime" : 219.5,
    "minResTime" : 20.0,
    "maxResTime" : 375.0,
    "pct1ResTime" : 275.90000000000003,
    "pct2ResTime" : 289.44999999999993,
    "pct3ResTime" : 315.96000000000004,
    "throughput" : 729.4429708222812,
    "receivedKBytesPerSec" : 284.9386604774536,
    "sentKBytesPerSec" : 129.64709051724137
  },
  "gateway_cl/hellotea/tea" : {
    "transaction" : "gateway_cl/hellotea/tea",
    "sampleCount" : 550,
    "errorCount" : 0,
    "errorPct" : 0.0,
    "meanResTime" : 204.03818181818164,
    "medianResTime" : 219.5,
    "minResTime" : 20.0,
    "maxResTime" : 375.0,
    "pct1ResTime" : 275.90000000000003,
    "pct2ResTime" : 289.44999999999993,
    "pct3ResTime" : 315.96000000000004,
    "throughput" : 729.4429708222812,
    "receivedKBytesPerSec" : 284.9386604774536,
    "sentKBytesPerSec" : 129.64709051724137
  }
}