{
  "Total" : {
    "transaction" : "Total",
    "sampleCount" : 200,
    "errorCount" : 0,
    "errorPct" : 0.0,
    "meanResTime" : 104.53500000000004,
    "medianResTime" : 107.5,
    "minResTime" : 30.0,
    "maxResTime" : 161.0,
    "pct1ResTime" : 136.9,
    "pct2ResTime" : 148.95,
    "pct3ResTime" : 159.99,
    "throughput" : 952.3809523809523,
    "receivedKBytesPerSec" : 372.0238095238095,
    "sentKBytesPerSec" : 169.27083333333334
  },
  "gateway_cl/hellotea/tea" : {
    "transaction" : "gateway_cl/hellotea/tea",
    "sampleCount" : 200,
    "errorCount" : 0,
    "errorPct" : 0.0,
    "meanResTime" : 104.53500000000004,
    "medianResTime" : 107.5,
    "minResTime" : 30.0,
    "maxResTime" : 161.0,
    "pct1ResTime" : 136.9,
    "pct2ResTime" : 148.95,
    "pct3ResTime" : 159.99,
    "throughput" : 952.3809523809523,
    "receivedKBytesPerSec" : 372.0238095238095,
    "sentKBytesPerSec" : 169.27083333333334
  }
}