{
  "gateway_rs/hellotea" : {
    "transaction" : "gateway_rs/hellotea",
    "sampleCount" : 550,
    "errorCount" : 27,
    "errorPct" : 4.909091,
    "meanResTime" : 446.1727272727272,
    "medianResTime" : 535.0,
    "minResTime" : 26.0,
    "maxResTime" : 729.0,
    "pct1ResTime" : 656.9000000000001,
    "pct2ResTime" : 689.0,
    "pct3ResTime" : 715.47,
    "throughput" : 553.3199195171026,
    "receivedKBytesPerSec" : 221.88305614939637,
    "sentKBytesPerSec" : 783.5833359532194
  },
  "Total" : {
    "transaction" : "Total",
    "sampleCount" : 550,
    "errorCount" : 27,
    "errorPct" : 4.909091,
    "meanResTime" : 446.1727272727272,
    "medianResTime" : 535.0,
    "minResTime" : 26.0,
    "maxResTime" : 729.0,
    "pct1ResTime" : 656.9000000000001,
    "pct2ResTime" : 689.0,
    "pct3ResTime" : 715.47,
    "throughput" : 553.3199195171026,
    "receivedKBytesPerSec" : 221.88305614939637,
    "sentKBytesPerSec" : 783.5833359532194
  }
}