{
  "Total" : {
    "transaction" : "Total",
    "sampleCount" : 500,
    "errorCount" : 0,
    "errorPct" : 0.0,
    "meanResTime" : 193.63,
    "medianResTime" : 196.5,
    "minResTime" : 21.0,
    "maxResTime" : 374.0,
    "pct1ResTime" : 279.0,
    "pct2ResTime" : 292.95,
    "pct3ResTime" : 340.98,
    "throughput" : 988.1422924901185,
    "receivedKBytesPerSec" : 385.99308300395256,
    "sentKBytesPerSec" : 175.6268527667984
  },
  "gateway_cl/hellotea/tea" : {
    "transaction" : "gateway_cl/hellotea/tea",
    "sampleCount" : 500,
    "errorCount" : 0,
    "errorPct" : 0.0,
    "meanResTime" : 193.63,
    "medianResTime" : 196.5,
    "minResTime" : 21.0,
    "maxResTime" : 374.0,
    "pct1ResTime" : 279.0,
    "pct2ResTime" : 292.95,
    "pct3ResTime" : 340.98,
    "throughput" : 988.1422924901185,
    "receivedKBytesPerSec" : 385.99308300395256,
    "sentKBytesPerSec" : 175.6268527667984
  }
}