{
  "Total" : {
    "transaction" : "Total",
    "sampleCount" : 650,
    "errorCount" : 0,
    "errorPct" : 0.0,
    "meanResTime" : 261.1446153846155,
    "medianResTime" : 272.0,
    "minResTime" : 27.0,
    "maxResTime" : 498.0,
    "pct1ResTime" : 334.0,
    "pct2ResTime" : 358.3499999999998,
    "pct3ResTime" : 411.0,
    "throughput" : 862.0689655172413,
    "receivedKBytesPerSec" : 336.7456896551724,
    "sentKBytesPerSec" : 153.21928879310346
  },
  "gateway_cl/hellotea/tea" : {
    "transaction" : "gateway_cl/hellotea/tea",
    "sampleCount" : 650,
    "errorCount" : 0,
    "errorPct" : 0.0,
    "meanResTime" : 261.1446153846155,
    "medianResTime" : 272.0,
    "minResTime" : 27.0,
    "maxResTime" : 498.0,
    "pct1ResTime" : 334.0,
    "pct2ResTime" : 358.3499999999998,
    "pct3ResTime" : 411.0,
    "throughput" : 862.0689655172413,
    "receivedKBytesPerSec" : 336.7456896551724,
    "sentKBytesPerSec" : 153.21928879310346
  }
}