{
  "Total" : {
    "transaction" : "Total",
    "sampleCount" : 500,
    "errorCount" : 0,
    "errorPct" : 0.0,
    "meanResTime" : 122.99200000000003,
    "medianResTime" : 146.0,
    "minResTime" : 20.0,
    "maxResTime" : 231.0,
    "pct1ResTime" : 201.90000000000003,
    "pct2ResTime" : 211.95,
    "pct3ResTime" : 226.0,
    "throughput" : 1082.2510822510822,
    "receivedKBytesPerSec" : 101.46103896103895,
    "sentKBytesPerSec" : 135.28138528138527
  },
  "gateway_0/hellotea" : {
    "transaction" : "gateway_0/hellotea",
    "sampleCount" : 500,
    "errorCount" : 0,
    "errorPct" : 0.0,
    "meanResTime" : 122.99200000000003,
    "medianResTime" : 146.0,
    "minResTime" : 20.0,
    "maxResTime" : 231.0,
    "pct1ResTime" : 201.90000000000003,
    "pct2ResTime" : 211.95,
    "pct3ResTime" : 226.0,
    "throughput" : 1082.2510822510822,
    "receivedKBytesPerSec" : 101.46103896103895,
    "sentKBytesPerSec" : 135.28138528138527
  }
}