{
  "Total" : {
    "transaction" : "Total",
    "sampleCount" : 450,
    "errorCount" : 0,
    "errorPct" : 0.0,
    "meanResTime" : 154.86444444444464,
    "medianResTime" : 150.0,
    "minResTime" : 14.0,
    "maxResTime" : 270.0,
    "pct1ResTime" : 238.0,
    "pct2ResTime" : 247.45,
    "pct3ResTime" : 265.47,
    "throughput" : 1011.2359550561798,
    "receivedKBytesPerSec" : 94.80337078651685,
    "sentKBytesPerSec" : 126.40449438202246
  },
  "gateway_0/hellotea" : {
    "transaction" : "gateway_0/hellotea",
    "sampleCount" : 450,
    "errorCount" : 0,
    "errorPct" : 0.0,
    "meanResTime" : 154.86444444444464,
    "medianResTime" : 150.0,
    "minResTime" : 14.0,
    "maxResTime" : 270.0,
    "pct1ResTime" : 238.0,
    "pct2ResTime" : 247.45,
    "pct3ResTime" : 265.47,
    "throughput" : 1011.2359550561798,
    "receivedKBytesPerSec" : 94.80337078651685,
    "sentKBytesPerSec" : 126.40449438202246
  }
}