{
  "gateway_rs/hellotea" : {
    "transaction" : "gateway_rs/hellotea",
    "sampleCount" : 300,
    "errorCount" : 0,
    "errorPct" : 0.0,
    "meanResTime" : 161.22666666666666,
    "medianResTime" : 170.0,
    "minResTime" : 30.0,
    "maxResTime" : 252.0,
    "pct1ResTime" : 219.0,
    "pct2ResTime" : 228.89999999999998,
    "pct3ResTime" : 247.99,
    "throughput" : 781.25,
    "receivedKBytesPerSec" : 225.830078125,
    "sentKBytesPerSec" : 1163.482666015625
  },
  "Total" : {
    "transaction" : "Total",
    "sampleCount" : 300,
    "errorCount" : 0,
    "errorPct" : 0.0,
    "meanResTime" : 161.22666666666666,
    "medianResTime" : 170.0,
    "minResTime" : 30.0,
    "maxResTime" : 252.0,
    "pct1ResTime" : 219.0,
    "pct2ResTime" : 228.89999999999998,
    "pct3ResTime" : 247.99,
    "throughput" : 781.25,
    "receivedKBytesPerSec" : 225.830078125,
    "sentKBytesPerSec" : 1163.482666015625
  }
}