{
  "Total" : {
    "transaction" : "Total",
    "sampleCount" : 700,
    "errorCount" : 0,
    "errorPct" : 0.0,
    "meanResTime" : 294.18000000000023,
    "medianResTime" : 234.0,
    "minResTime" : 20.0,
    "maxResTime" : 698.0,
    "pct1ResTime" : 623.0,
    "pct2ResTime" : 641.0,
    "pct3ResTime" : 675.96,
    "throughput" : 777.7777777777778,
    "receivedKBytesPerSec" : 72.91666666666667,
    "sentKBytesPerSec" : 97.22222222222221
  },
  "gateway_0/hellotea" : {
    "transaction" : "gateway_0/hellotea",
    "sampleCount" : 700,
    "errorCount" : 0,
    "errorPct" : 0.0,
    "meanResTime" : 294.18000000000023,
    "medianResTime" : 234.0,
    "minResTime" : 20.0,
    "maxResTime" : 698.0,
    "pct1ResTime" : 623.0,
    "pct2ResTime" : 641.0,
    "pct3ResTime" : 675.96,
    "throughput" : 777.7777777777778,
    "receivedKBytesPerSec" : 72.91666666666667,
    "sentKBytesPerSec" : 97.22222222222221
  }
}