{
  "Total" : {
    "transaction" : "Total",
    "sampleCount" : 600,
    "errorCount" : 0,
    "errorPct" : 0.0,
    "meanResTime" : 239.51000000000022,
    "medianResTime" : 258.5,
    "minResTime" : 28.0,
    "maxResTime" : 412.0,
    "pct1ResTime" : 326.9,
    "pct2ResTime" : 347.89999999999986,
    "pct3ResTime" : 375.99,
    "throughput" : 900.9009009009009,
    "receivedKBytesPerSec" : 351.9144144144144,
    "sentKBytesPerSec" : 160.12105855855856
  },
  "gateway_cl/hellotea/tea" : {
    "transaction" : "gateway_cl/hellotea/tea",
    "sampleCount" : 600,
    "errorCount" : 0,
    "errorPct" : 0.0,
    "meanResTime" : 239.51000000000022,
    "medianResTime" : 258.5,
    "minResTime" : 28.0,
    "maxResTime" : 412.0,
    "pct1ResTime" : 326.9,
    "pct2ResTime" : 347.89999999999986,
    "pct3ResTime" : 375.99,
    "throughput" : 900.9009009009009,
    "receivedKBytesPerSec" : 351.9144144144144,
    "sentKBytesPerSec" : 160.12105855855856
  }
}