{
  "Total" : {
    "transaction" : "Total",
    "sampleCount" : 300,
    "errorCount" : 0,
    "errorPct" : 0.0,
    "meanResTime" : 86.39333333333326,
    "medianResTime" : 90.0,
    "minResTime" : 34.0,
    "maxResTime" : 117.0,
    "pct1ResTime" : 108.0,
    "pct2ResTime" : 111.0,
    "pct3ResTime" : 115.99000000000001,
    "throughput" : 1048.951048951049,
    "receivedKBytesPerSec" : 98.33916083916085,
    "sentKBytesPerSec" : 131.11888111888112
  },
  "gateway_0/hellotea" : {
    "transaction" : "gateway_0/hellotea",
    "sampleCount" : 300,
    "errorCount" : 0,
    "errorPct" : 0.0,
    "meanResTime" : 86.39333333333326,
    "medianResTime" : 90.0,
    "minResTime" : 34.0,
    "maxResTime" : 117.0,
    "pct1ResTime" : 108.0,
    "pct2ResTime" : 111.0,
    "pct3ResTime" : 115.99000000000001,
    "throughput" : 1048.951048951049,
    "receivedKBytesPerSec" : 98.33916083916085,
    "sentKBytesPerSec" : 131.11888111888112
  }
}