{
  "Total" : {
    "transaction" : "Total",
    "sampleCount" : 250,
    "errorCount" : 0,
    "errorPct" : 0.0,
    "meanResTime" : 78.73199999999999,
    "medianResTime" : 86.0,
    "minResTime" : 22.0,
    "maxResTime" : 117.0,
    "pct1ResTime" : 102.0,
    "pct2ResTime" : 106.0,
    "pct3ResTime" : 114.49000000000001,
    "throughput" : 1111.111111111111,
    "receivedKBytesPerSec" : 104.16666666666666,
    "sentKBytesPerSec" : 138.88888888888889
  },
  "gateway_0/hellotea" : {
    "transaction" : "gateway_0/hellotea",
    "sampleCount" : 250,
    "errorCount" : 0,
    "errorPct" : 0.0,
    "meanResTime" : 78.73199999999999,
    "medianResTime" : 86.0,
    "minResTime" : 22.0,
    "maxResTime" : 117.0,
    "pct1ResTime" : 102.0,
    "pct2ResTime" : 106.0,
    "pct3ResTime" : 114.49000000000001,
    "throughput" : 1111.111111111111,
    "receivedKBytesPerSec" : 104.16666666666666,
    "sentKBytesPerSec" : 138.88888888888889
  }
}