{
  "Total" : {
    "transaction" : "Total",
    "sampleCount" : 600,
    "errorCount" : 0,
    "errorPct" : 0.0,
    "meanResTime" : 267.07666666666654,
    "medianResTime" : 325.0,
    "minResTime" : 19.0,
    "maxResTime" : 470.0,
    "pct1ResTime" : 426.0,
    "pct2ResTime" : 434.94999999999993,
    "pct3ResTime" : 460.0,
    "throughput" : 742.5742574257425,
    "receivedKBytesPerSec" : 69.61633663366337,
    "sentKBytesPerSec" : 92.82178217821782
  },
  "gateway_0/hellotea" : {
    "transaction" : "gateway_0/hellotea",
    "sampleCount" : 600,
    "errorCount" : 0,
    "errorPct" : 0.0,
    "meanResTime" : 267.07666666666654,
    "medianResTime" : 325.0,
    "minResTime" : 19.0,
    "maxResTime" : 470.0,
    "pct1ResTime" : 426.0,
    "pct2ResTime" : 434.94999999999993,
    "pct3ResTime" : 460.0,
    "throughput" : 742.5742574257425,
    "receivedKBytesPerSec" : 69.61633663366337,
    "sentKBytesPerSec" : 92.82178217821782
  }
}