{
  "Total" : {
    "transaction" : "Total",
    "sampleCount" : 350,
    "errorCount" : 0,
    "errorPct" : 0.0,
    "meanResTime" : 136.64571428571435,
    "medianResTime" : 109.0,
    "minResTime" : 26.0,
    "maxResTime" : 300.0,
    "pct1ResTime" : 289.90000000000003,
    "pct2ResTime" : 294.45,
    "pct3ResTime" : 298.49,
    "throughput" : 662.8787878787879,
    "receivedKBytesPerSec" : 62.14488636363636,
    "sentKBytesPerSec" : 82.85984848484848
  },
  "gateway_0/hellotea" : {
    "transaction" : "gateway_0/hellotea",
    "sampleCount" : 350,
    "errorCount" : 0,
    "errorPct" : 0.0,
    "meanResTime" : 136.64571428571435,
    "medianResTime" : 109.0,
    "minResTime" : 26.0,
    "maxResTime" : 300.0,
    "pct1ResTime" : 289.90000000000003,
    "pct2ResTime" : 294.45,
    "pct3ResTime" : 298.49,
    "throughput" : 662.8787878787879,
    "receivedKBytesPerSec" : 62.14488636363636,
    "sentKBytesPerSec" : 82.85984848484848
  }
}