{
  "Total" : {
    "transaction" : "Total",
    "sampleCount" : 450,
    "errorCount" : 0,
    "errorPct" : 0.0,
    "meanResTime" : 164.3288888888889,
    "medianResTime" : 176.0,
    "minResTime" : 22.0,
    "maxResTime" : 321.0,
    "pct1ResTime" : 228.90000000000003,
    "pct2ResTime" : 242.45,
    "pct3ResTime" : 278.47,
    "throughput" : 877.1929824561403,
    "receivedKBytesPerSec" : 342.6535087719298,
    "sentKBytesPerSec" : 155.90734649122805
  },
  "gateway_cl/hellotea/tea" : {
    "transaction" : "gateway_cl/hellotea/tea",
    "sampleCount" : 450,
    "errorCount" : 0,
    "errorPct" : 0.0,
    "meanResTime" : 164.3288888888889,
    "medianResTime" : 176.0,
    "minResTime" : 22.0,
    "maxResTime" : 321.0,
    "pct1ResTime" : 228.90000000000003,
    "pct2ResTime" : 242.45,
    "pct3ResTime" : 278.47,
    "throughput" : 877.1929824561403,
    "receivedKBytesPerSec" : 342.6535087719298,
    "sentKBytesPerSec" : 155.90734649122805
  }
}