{
  "gateway_rs/hellotea" : {
    "transaction" : "gateway_rs/hellotea",
    "sampleCount" : 100,
    "errorCount" : 0,
    "errorPct" : 0.0,
    "meanResTime" : 70.43,
    "medianResTime" : 72.5,
    "minResTime" : 25.0,
    "maxResTime" : 102.0,
    "pct1ResTime" : 92.9,
    "pct2ResTime" : 96.94999999999999,
    "pct3ResTime" : 101.97999999999999,
    "throughput" : 740.7407407407406,
    "receivedKBytesPerSec" : 214.12037037037035,
    "sentKBytesPerSec" : 1103.1539351851852
  },
  "Total" : {
    "transaction" : "Total",
    "sampleCount" : 100,
    "errorCount" : 0,
    "errorPct" : 0.0,
    "meanResTime" : 70.43,
    "medianResTime" : 72.5,
    "minResTime" : 25.0,
    "maxResTime" : 102.0,
    "pct1ResTime" : 92.9,
    "pct2ResTime" : 96.94999999999999,
    "pct3ResTime" : 101.97999999999999,
    "throughput" : 740.7407407407406,
    "receivedKBytesPerSec" : 214.12037037037035,
    "sentKBytesPerSec" : 1103.1539351851852
  }
}