{
  "Total" : {
    "transaction" : "Total",
    "sampleCount" : 300,
    "errorCount" : 0,
    "errorPct" : 0.0,
    "meanResTime" : 138.03666666666675,
    "medianResTime" : 137.5,
    "minResTime" : 26.0,
    "maxResTime" : 293.0,
    "pct1ResTime" : 188.90000000000003,
    "pct2ResTime" : 216.89999999999998,
    "pct3ResTime" : 224.99,
    "throughput" : 808.6253369272238,
    "receivedKBytesPerSec" : 315.86927223719675,
    "sentKBytesPerSec" : 143.72051886792454
  },
  "gateway_cl/hellotea/tea" : {
    "transaction" : "gateway_cl/hellotea/tea",
    "sampleCount" : 300,
    "errorCount" : 0,
    "errorPct" : 0.0,
    "meanResTime" : 138.03666666666675,
    "medianResTime" : 137.5,
    "minResTime" : 26.0,
    "maxResTime" : 293.0,
    "pct1ResTime" : 188.90000000000003,
    "pct2ResTime" : 216.89999999999998,
    "pct3ResTime" : 224.99,
    "throughput" : 808.6253369272238,
    "receivedKBytesPerSec" : 315.86927223719675,
    "sentKBytesPerSec" : 143.72051886792454
  }
}