{
  "Total" : {
    "transaction" : "Total",
    "sampleCount" : 250,
    "errorCount" : 0,
    "errorPct" : 0.0,
    "meanResTime" : 124.25999999999998,
    "medianResTime" : 127.5,
    "minResTime" : 26.0,
    "maxResTime" : 220.0,
    "pct1ResTime" : 180.0,
    "pct2ResTime" : 195.45,
    "pct3ResTime" : 213.98000000000002,
    "throughput" : 836.1204013377926,
    "receivedKBytesPerSec" : 326.6095317725753,
    "sentKBytesPerSec" : 148.60733695652175
  },
  "gateway_cl/hellotea/tea" : {
    "transaction" : "gateway_cl/hellotea/tea",
    "sampleCount" : 250,
    "errorCount" : 0,
    "errorPct" : 0.0,
    "meanResTime" : 124.25999999999998,
    "medianResTime" : 127.5,
    "minResTime" : 26.0,
    "maxResTime" : 220.0,
    "pct1ResTime" : 180.0,
    "pct2ResTime" : 195.45,
    "pct3ResTime" : 213.98000000000002,
    "throughput" : 836.1204013377926,
    "receivedKBytesPerSec" : 326.6095317725753,
    "sentKBytesPerSec" : 148.60733695652175
  }
}