{
  "gateway_rs/hellotea" : {
    "transaction" : "gateway_rs/hellotea",
    "sampleCount" : 200,
    "errorCount" : 0,
    "errorPct" : 0.0,
    "meanResTime" : 109.79500000000002,
    "medianResTime" : 117.0,
    "minResTime" : 31.0,
    "maxResTime" : 179.0,
    "pct1ResTime" : 155.9,
    "pct2ResTime" : 162.89999999999998,
    "pct3ResTime" : 176.99,
    "throughput" : 760.4562737642585,
    "receivedKBytesPerSec" : 219.81939163498097,
    "sentKBytesPerSec" : 1132.5154467680609
  },
  "Total" : {
    "transaction" : "Total",
    "sampleCount" : 200,
    "errorCount" : 0,
    "errorPct" : 0.0,
    "meanResTime" : 109.79500000000002,
    "medianResTime" : 117.0,
    "minResTime" : 31.0,
    "maxResTime" : 179.0,
    "pct1ResTime" : 155.9,
    "pct2ResTime" : 162.89999999999998,
    "pct3ResTime" : 176.99,
    "throughput" : 760.4562737642585,
    "receivedKBytesPerSec" : 219.81939163498097,
    "sentKBytesPerSec" : 1132.5154467680609
  }
}